target,MAE,RMSE,R2
salary_min,3481.7301968988286,6029.251317226246,0.9368811490300027
salary_max,3900.615842925949,7185.300110346692,0.9266461869292414
