target,MAE,RMSE,R2
salary_min,3024.6958370911652,5781.536554420385,0.937505722264031
salary_max,3533.947907102073,6285.41987280706,0.9498713295072438
