target,MAE,RMSE,R2
salary_min,4698.18017293293,10754.051313010596,0.7604783423219621
salary_max,5188.641498598062,10646.714497084284,0.8096707770438376
