target,MAE,RMSE,R2
salary_min,4522.051814494413,8999.171846871963,0.8251712459998821
salary_max,5342.986207019135,11980.220539526286,0.7544790257171268
