target,MAE,RMSE,R2
salary_min,4367.8789922092865,9737.441733092986,0.7795672951083741
salary_max,4917.244361999386,10995.317057626688,0.7631210654897231
